---
Abby:
  email: ahill9@mit.edu
  name: "Abby Hill"
  photo: abbyhill.jpg
Adam:
  email: ajrieth@mit.edu
  name: "Adam Rieth"
  photo: adamreith.jpg
Aileen:
  email: amdevlin@mit.edu
  name: "Aileen Devlin"
  photo: ~
AlexB:
  name: "Alex Bychkovksy"
  photo: AlexBychkovsky.png
AlexG:
  email: alex.cas.garcia@gmail.com
  name: "Alex Garcia"
  photo: alexgarcia.jpg
Asha:
  email: circus-chair@mit.edu
  name: "Asha Park-Carter"
  photo: ashaparkcarter.jpg
Ashwin:
  email: ashwinn@mit.edu
  name: "Ashwin Narayan"
  photo: ashwinnarayan.jpg
Avilash:
  email: avilash.cramer@gmail.com
  name: "Avilash Cramer"
  photo: avicramer.jpg
Ben:
  name: "Ben Kessel"
  photo: ~
Bo:
  email: bodwyer651@gmail.com
  name: "Bo Dwyer"
  photo: bodwyer.jpg
Carlos:
  email: csandova@mit.edu
  name: "Carlos Sandoval"
  photo: carlossandoval.jpg
Chiara:
  email: salemi@mit.edu
  name: "Chiara Salemi"
  photo: chiarasalemi.jpg
ChrisSa:
  email: chris.saulnier@gmail.com
  name: "Chris Saulnier"
  photo: saulnier.jpg
ChrisSu:
  name: Chris Summerfield
  email: chris@chrissummerfield.com
  photo: chrissummerfield.jpg
Cole:
  email: cdc43339@gmail.com
  name: "Cole Crawford"
  photo: colecrawford.jpg
DavidJ:
  name: "David Johnson"
  photo: johnson_.png
DavidC:
    name: David Joseph Cain
    email: davidjosephcain@gmail.com
    photo: dcain.jpg
Dlaw:
  name: "David Lawrence"
  photo: dlaw.png
Evan:
  email: circus-chair@mit.edu
  name: "Evan Williams"
  photo: evanwilliams.jpg
Florian:
  email: florian.pagnoux@gmail.com
  name: "Florian Pagnoux"
  photo: florianpagnoux.jpg
Greg:
  email: wallaceg@mit.edu
  name: "Greg Wallace"
  photo: greg.jpg
Hannah:
  email: varnerh@mit.edu
  name: "Hannah Varner"
  photo: hannahvarner.png
JamesD:
  name: "James Douberley"
  photo: ~
JamesT:
  email: jturitto@gmail.com
  name: "James Turitto"
  photo: james_turitto.jpg
Jan:
  email: jtiepelt@mit.edu
  name: "Jan Tiepelt"
  photo: jantiepelt.jpg
Karina:
  email: ws-chair@mit.edu
  name: "Karina Smolyar"
  photo: karinasmolyar.png
Kate:
  email: kal@mit.edu
  name: "Kate Lawrence"
  photo: katelawrence.jpg
Kathy:
  email: ws-chair@mit.edu
  name: "Kathy Camenzind"
  photo: kathycamenzind.jpg
Kris:
  email: brew@mit.edu
  name: "Kris Brewer"
  photo: brew.jpg
Lily:
  email: lily.rachel.cohen@gmail.com
  name: "Lily Cohen"
  photo: lilycohen.jpg
Lucas:
  email: lmarthur@mit.edu
  name: "Lucas Arthur"
  photo: lucasarthur2.png
Luke:
  email: elplumplum@gmail.com
  name: "Luke Plummer"
  photo: lukeplummer.jpg
Lulu:
  email: lulurussell5@gmail.com
  name: "Lulu Russell"
  photo: lulurussell.jpg
Mason:
  email: mason@masonglidden.com
  name: "Mason Glidden"
  photo: null
Michael:
  name: "Michael Skuhersky"
  photo: vex.jpg
Michele:
  email: mprat@alum.mit.edu
  name: "Michele Pratusevich"
  photo: mprat.jpg
Natalie:
  email: natnorth@mit.edu
  name: "Natalie Northrup"
  photo: natalienorthrup.jpg
Neil:
  email: nat25@mit.edu
  name: "Neil Titchener"
  photo: nat25.jpg
Nick:
  email: nick.lingler@gmail.com
  name: "Nick Lingler"
  photo: nicklingler.jpg
Nico:
  email: nromeo@mit.edu
  name: "Nicolas Romeo"
  photo: nicolasromeo.jpg
Pavel:
  name: "Pavel Gorelik"
  photo: pavel.jpg
Stephanie:
  email: stephanie.plant@gmail.com
  name: "Stephanie Plant"
  photo: stephanieplant.jpg
Tony:
  email: hanz@mit.edu
  name: "Tony Zhu"
  photo: hanz.jpg
Tyler:
  email: ttoth@mit.edu
  name: "Tyler Toth"
  photo: tylertoth.png
Blox:
  email: wbloxham@gmail.com
  name: "William Bloxham"
  photo: williambloxham.jpg
Zac:
  email: ztobias@mit.edu
  name: "Zac Tobias"
  photo: zactobias.jpg
Hannah:
  name: Hannah Grupe
Abraham:
  name: Abraham Skandera
  photo: abraham.jpg
Noah:
  name: Noah Luther
  photo: noah.png
Paul:
  name: Paul Lilin
Amy:
  name: Amy Chen
  photo: amy.jpg
Katrina:
  name: Katrina Magno
  photo: katrina.jpg
Annie:
  name: Annie Hines
  photo: annie.jpg
Mary:
  name: Mary Richardson
Colin:
  name: Colin Wilson
  photo: colin.jpg
